time,lat,long,vel,acc,rel_vel,rel_pos,date_time,acc_change,vel_change,is_oscillating,is_wave,num_oscillations,wave_id
1720236109.17867,37.4222065,-122.22541466666668,29.357641220092773,0.0199999995529651,1.125,140.0,2024-07-05 20:21:49.178669,3.6399999372661114,6.519098281860348,True,True,1.0,0.0
1720236110.2790985,37.4223705,-122.22565833333331,29.318578720092773,-0.2800000011920929,1.625,142.5,2024-07-05 20:21:50.279098,3.779999941587448,5.889759063720703,False,True,1.0,0.0
1720236111.378755,37.4225325,-122.22591083333332,29.123266220092773,-0.1599999964237213,-1.25,64.5999984741211,2024-07-05 20:21:51.378755,3.539999932050705,5.069446563720703,False,True,1.0,0.0
1720236112.4786916,37.42270116666667,-122.22617166666669,28.967016220092773,-0.4399999976158142,-1.125,63.60000228881836,2024-07-05 20:21:52.478691,3.1999999284744263,4.28819465637207,False,True,1.0,0.0
1720236113.57907,37.42287,-122.226434,28.776042938232425,-0.209999993443489,-0.6875,63.29999923706055,2024-07-05 20:21:53.579070,2.8599999397993088,3.498264312744144,False,True,1.0,0.0
1720236114.6787615,37.4230375,-122.22669366666666,28.593751907348633,0.0,-0.6875,62.60000228881836,2024-07-05 20:21:54.678761,2.9299999475479126,2.6909732818603516,False,True,1.0,0.0
1720236115.778453,37.42320133333333,-122.22695566666668,28.48090362548828,-0.0099999997764825,-0.625,62.0,2024-07-05 20:21:55.778453,2.4699999783188105,1.8142356872558558,False,True,1.0,0.0
1720236116.8786454,37.42336366666667,-122.22721766666666,28.541667938232425,-0.089999996125698,-1.0625,60.70000076293945,2024-07-05 20:21:56.878645,2.099999986588955,1.1501731872558665,False,True,1.0,0.0
1720236117.9785926,37.4235285,-122.22747483333332,28.962675094604492,0.5799999833106995,2.0,163.5,2024-07-05 20:21:57.978592,2.749999985098839,0.7855911254882812,False,True,1.0,0.0
1720236119.0787451,37.423700333333336,-122.2277215,29.375001907348633,0.449999988079071,-1.625,57.70000076293945,2024-07-05 20:21:59.078745,2.8599999397993088,0.4123268127441406,False,True,1.0,0.0
1720236120.178699,37.4238725,-122.22796833333334,29.80034828186035,0.3999999761581421,-1.625,56.29999923706055,2024-07-05 20:22:00.178699,2.0799999870359898,0.4427070617675781,False,True,1.0,0.0
1720236121.2787964,37.42404416666667,-122.22821433333333,30.173612594604492,0.4899999797344208,-2.0,54.20000076293945,2024-07-05 20:22:01.278796,1.8699999898672104,0.8550338745117188,False,True,1.0,0.0
1720236122.3786914,37.424215333333336,-122.22846466666668,30.455730438232425,0.449999988079071,-2.3125,52.0,2024-07-05 20:22:02.378691,1.7899999767541885,1.332464218139652,False,True,1.0,0.0
1720236123.4788966,37.424389166666664,-122.22871733333334,30.63802146911621,0.1400000005960464,-2.375,49.60000228881836,2024-07-05 20:22:03.478896,1.8199999630451202,1.6710052490234375,False,True,1.0,0.0
1720236124.578909,37.42456683333333,-122.22897233333332,30.86371612548828,0.2899999916553497,-2.625,47.10000228881836,2024-07-05 20:22:04.578908,1.7399999499320982,2.087673187255856,False,True,1.0,0.0
1720236125.6790729,37.4247475,-122.22922866666669,30.993925094604492,-0.0099999997764825,-2.8125,43.79999923706055,2024-07-05 20:22:05.679072,1.8299999479204414,2.4001731872558594,False,True,1.0,0.0
1720236126.7791257,37.424930833333335,-122.22948533333332,31.085071563720703,0.0799999982118606,-3.0,40.20000076293945,2024-07-05 20:22:06.779125,1.909999946132302,2.604167938232422,False,True,1.0,0.0
1720236127.8790884,37.4251155,-122.22974016666667,31.093751907348633,-0.1899999976158142,-3.125,36.60000228881836,2024-07-05 20:22:07.879088,2.099999945610761,2.5520839691162074,False,True,1.0,0.0
1720236128.979321,37.4253075,-122.2299935,31.085071563720703,-0.2999999821186065,-3.125,33.10000228881836,2024-07-05 20:22:08.979321,1.539999950677156,2.122396469116211,False,True,1.0,0.0
1720236130.0785491,37.425501833333335,-122.23024433333332,31.02430725097656,-0.2199999988079071,-2.75,30.399999618530273,2024-07-05 20:22:10.078549,1.489999938756227,1.6493053436279261,False,True,1.0,0.0
1720236131.1789606,37.425697166666666,-122.23049483333334,30.98090362548828,0.0,-0.6875,177.5,2024-07-05 20:22:11.178960,1.6599999256432052,1.1805553436279297,False,True,1.0,0.0
1720236132.2785492,37.42589566666667,-122.23074,30.87239646911621,-0.0999999940395355,-2.6875,24.600000381469727,2024-07-05 20:22:12.278549,1.669999916106462,0.6987838745117188,False,True,1.0,0.0
1720236133.3790452,37.42609316666667,-122.230986,30.71180725097656,-0.0599999986588954,-1.75,22.30000114440918,2024-07-05 20:22:13.379045,1.6699999198317523,0.2560768127441335,False,True,1.0,0.0
1720236134.4785385,37.42629066666667,-122.231233,30.66840362548828,-0.3499999940395355,-2.125,19.899999618530273,2024-07-05 20:22:14.478538,1.649999927729368,0.030382156372070312,False,True,1.0,0.0
1720236135.5787954,37.42648533333333,-122.23148133333332,30.59461975097656,-0.2800000011920929,-3.0,16.899999618530273,2024-07-05 20:22:15.578795,1.5699999295175073,-0.2690963745117223,False,True,1.0,0.0
1720236136.678495,37.42668366666667,-122.23172833333334,30.529516220092773,0.3199999928474426,-0.875,169.3000030517578,2024-07-05 20:22:16.678494,1.8699999321252108,-0.46440887451171875,False,True,1.0,0.0
1720236137.7784302,37.42688016666666,-122.23197366666666,30.39930725097656,-0.3100000023841858,-0.1875,171.10000610351562,2024-07-05 20:22:17.778430,2.409999929368496,-0.6857643127441442,False,True,1.0,0.0
1720236139.6782322,37.42819016666667,-122.233744,30.351564407348633,0.2299999892711639,1.125,176.3000030517578,2024-07-05 20:22:19.678232,2.679999925196171,-0.7421875,False,True,1.0,0.0
1720236140.7786071,37.4283685,-122.23400533333331,30.290800094604492,-0.0700000002980232,1.625,179.60000610351562,2024-07-05 20:22:20.778607,2.8699999302625656,-0.7942714691162109,False,True,1.0,0.0
1720236141.8784523,37.42854716666667,-122.23426583333334,30.264759063720703,-0.2899999916553497,2.125,182.8000030517578,2024-07-05 20:22:21.878452,3.0099999383091927,-0.7595481872558558,False,True,1.0,0.0
1720236142.9788551,37.4287245,-122.23452616666668,30.19097328186035,0.0999999940395355,2.375,185.8000030517578,2024-07-05 20:22:22.978855,3.179999925196171,-0.7899303436279297,False,True,1.0,0.0
1720236144.0785787,37.4289025,-122.2347865,30.23003578186035,0.4199999868869781,2.3125,187.40000915527344,2024-07-05 20:22:24.078578,3.399999924004078,-0.6423606872558594,False,True,1.0,0.0
1720236145.1785443,37.4290795,-122.23504716666666,30.27777862548828,0.0399999991059303,2.125,188.8000030517578,2024-07-05 20:22:25.178544,3.7399999164044857,-0.4340286254882777,False,True,1.0,0.0
1720236146.2787232,37.4292595,-122.23530916666668,30.368925094604492,-0.1400000005960464,1.8125,189.40000915527344,2024-07-05 20:22:26.278723,3.629999920725822,-0.29947853088378906,False,True,1.0,0.0
1720236147.3792503,37.42943783333333,-122.2355705,30.43402862548828,0.4399999976158142,1.875,192.3000030517578,2024-07-05 20:22:27.379250,4.1399999260902405,-0.1605911254882777,False,True,1.0,0.0
1720236148.4786708,37.429617,-122.235832,30.533855438232425,0.3299999833106994,2.0625,195.40000915527344,2024-07-05 20:22:28.478670,3.6499999463558193,0.00433921813965199,False,True,1.0,0.0
1720236149.5786743,37.42979666666667,-122.23609466666667,30.70746612548828,0.0,1.8125,196.6999969482422,2024-07-05 20:22:29.578674,3.3499999344348903,0.3081588745117223,False,True,1.0,0.0
1720236150.6785326,37.4299765,-122.23635916666667,30.91145896911621,0.3299999833106994,-1.375,188.40000915527344,2024-07-05 20:22:30.678532,3.13999992609024,0.5598945617675781,False,True,1.0,0.0
1720236151.778836,37.430156333333336,-122.23662583333332,31.080730438232425,0.0499999970197677,1.0625,197.40000915527344,2024-07-05 20:22:31.778836,3.1199999228119846,0.7899303436279332,False,True,1.0,0.0
1720236152.878779,37.43033633333334,-122.2368935,31.21527862548828,-0.1499999910593032,0.375,195.1999969482422,2024-07-05 20:22:32.878778,3.099999919533729,0.9505195617675781,False,True,1.0,0.0
1720236153.978643,37.430518166666666,-122.23716283333331,31.484376907348633,0.2399999946355819,-0.4375,191.3000030517578,2024-07-05 20:22:33.978642,3.0999999195337296,1.2934036254882812,False,True,1.0,0.0
1720236155.0787046,37.4307035,-122.23743283333332,31.749134063720703,0.5299999713897705,-4.125,163.0,2024-07-05 20:22:35.078704,3.0699999034404755,1.5190982818603516,False,True,1.0,0.0
1720236156.1785738,37.430891833333334,-122.23770366666666,32.1006965637207,0.5999999642372131,-2.875,167.60000610351562,2024-07-05 20:22:36.178573,2.7599999085068703,1.8229179382324219,False,True,1.0,0.0
1720236157.2788146,37.4310845,-122.2379735,32.361114501953125,0.1499999910593032,-2.8125,177.3000030517578,2024-07-05 20:22:37.278814,3.0299998819828033,1.9921894073486328,False,True,1.0,0.0
1720236158.3788166,37.431281,-122.23824033333334,32.7256965637207,0.6399999856948853,-3.3125,172.8000030517578,2024-07-05 20:22:38.378816,2.9399998784065247,2.291667938232422,False,True,1.0,0.0
1720236159.478923,37.4314815,-122.23850716666666,33.120662689208984,0.4399999976158142,-3.1875,170.40000915527344,2024-07-05 20:22:39.478923,3.029999852180481,2.586807250976559,False,True,1.0,0.0
1720236160.579076,37.431696,-122.2387715,33.49826431274414,0.2999999821186065,-3.5625,166.5,2024-07-05 20:22:40.579076,2.839999884366989,2.7907981872558594,False,True,1.0,0.0
1720236161.6797156,37.43191516666667,-122.2390355,33.8975715637207,0.209999993443489,-3.6875,163.0,2024-07-05 20:22:41.679715,2.599999889731407,2.986112594604492,False,True,1.0,0.0
1720236162.7794228,37.43213683333333,-122.23929733333334,34.16232681274414,0.0,-3.9375,158.40000915527344,2024-07-05 20:22:42.779422,2.5299998968839645,3.081596374511715,False,True,1.0,0.0
1720236163.8784585,37.432358666666666,-122.23955983333332,33.845489501953125,-0.6200000047683716,-3.3125,154.90000915527344,2024-07-05 20:22:43.878458,2.949999913573265,2.6302108764648438,False,True,1.0,0.0
1720236164.9787257,37.43258566666667,-122.23982583333331,33.45920181274414,-0.6899999976158142,-2.625,151.60000610351562,2024-07-05 20:22:44.978725,2.6299999207258224,1.9748249053955078,False,True,1.0,0.0
1720236166.0787394,37.43281316666667,-122.24009733333334,32.986114501953125,-0.1799999922513961,-2.0625,149.10000610351562,2024-07-05 20:22:46.078739,2.849999949336052,1.2369804382324219,False,True,1.0,0.0
1720236167.1788423,37.433041,-122.24036783333334,32.91232681274414,0.0499999970197677,-1.25,149.0,2024-07-05 20:22:47.178842,3.0099999457597733,0.8116302490234375,False,True,1.0,0.0
1720236168.278973,37.433266,-122.240634,32.7647590637207,0.0700000002980232,-0.875,148.60000610351562,2024-07-05 20:22:48.278973,2.579999975860119,0.4036445617675781,False,True,1.0,0.0
1720236169.3788197,37.43348783333333,-122.24089583333334,32.81684112548828,0.0,-0.875,147.0,2024-07-05 20:22:49.378819,2.15999998152256,0.09114456176757812,False,True,1.0,0.0
1720236170.4787798,37.43370733333333,-122.24115366666666,32.8819465637207,-0.2999999821186065,-1.0625,145.40000915527344,2024-07-05 20:22:50.478779,2.2599999755620956,-0.23871612548828125,False,True,1.0,0.0
1720236171.5787644,37.43392683333333,-122.241411,32.96875,-0.209999993443489,-1.0,144.60000610351562,2024-07-05 20:22:51.578764,2.2099999487400055,-0.5295143127441406,False,True,1.0,0.0
1720236172.6786182,37.434144833333335,-122.2416685,32.925350189208984,0.0999999940395355,-0.9375,143.6999969482422,2024-07-05 20:22:52.678618,2.4299999475479126,-0.9722213745117188,False,True,1.0,0.0
1720236173.7785642,37.434363166666664,-122.2419265,32.99045181274414,0.6499999761581421,4.3125,49.60000228881836,2024-07-05 20:22:53.778564,2.76999993622303,-1.171875,False,True,1.0,0.0
1720236174.8789172,37.43457866666667,-122.24218433333331,33.07291793823242,0.3899999856948852,3.9375,53.20000076293945,2024-07-05 20:22:54.878917,2.4099999219179153,-0.7725715637207031,False,True,1.0,0.0
1720236175.9924097,37.434797,-122.24244383333334,32.947052001953125,-0.4599999785423279,4.125,57.400001525878906,2024-07-05 20:22:55.992409,3.189999893307686,-0.5121498107910156,False,False,0.0,0.0
1720237043.5787692,37.625641,-122.4288615,21.43663215637207,-0.1099999994039535,0.0,0.0,2024-07-05 20:37:23.578769,3.48000006377697,-8.441841125488281,True,True,1.0,1.0
1720237044.7789216,37.62582733333333,-122.4289515,21.21961975097656,0.0,0.0,0.0,2024-07-05 20:37:24.778921,3.3100000619888306,-8.046875,True,True,2.0,1.0
1720237045.979251,37.62601633333333,-122.42902216666668,21.17621612548828,0.0999999940395355,0.0,0.0,2024-07-05 20:37:25.979250,3.150000035762787,-7.3828125,True,True,3.0,1.0
1720237047.178893,37.626203,-122.4290715,21.20225715637207,0.0,0.0,0.0,2024-07-05 20:37:27.178893,3.1400000751018524,-6.47569465637207,True,True,4.0,1.0
1720237048.378662,37.626393166666666,-122.42910683333334,21.18489646911621,-0.0799999982118606,0.0,0.0,2024-07-05 20:37:28.378662,3.120000049471855,-5.486112594604492,False,True,4.0,1.0
1720237049.578936,37.62658533333333,-122.429123,21.34982681274414,-0.0099999997764825,0.0,0.0,2024-07-05 20:37:29.578936,3.0200000312179327,-4.192708969116211,False,True,4.0,1.0
1720237050.778755,37.6267765,-122.4291205,21.41493225097656,0.0399999991059303,0.0,0.0,2024-07-05 20:37:30.778754,2.900000013411045,-3.3203125,False,True,4.0,1.0
1720237051.9787817,37.62696716666667,-122.429102,21.45399475097656,-0.4399999976158142,0.0,0.0,2024-07-05 20:37:31.978781,3.1200000196695328,-2.569444656372074,False,True,4.0,1.0
1720237066.3785665,37.62890183333333,-122.42754866666668,27.56076431274414,-0.5,0.125,54.20000076293945,2024-07-05 20:37:46.378566,2.9200000166893005,4.331596374511715,False,True,4.0,1.0
1720237067.5787916,37.629029333333335,-122.42732216666668,27.96441078186035,0.3799999952316284,-0.0625,54.20000076293945,2024-07-05 20:37:47.578791,2.929999992251396,5.963541030883793,False,True,4.0,1.0
1720237068.778679,37.6291595,-122.42708383333331,28.389759063720703,0.3499999940395355,-0.375,53.900001525878906,2024-07-05 20:37:48.778678,1.9599999785423277,6.953126907348633,False,True,4.0,1.0
1720237070.778752,37.630067333333336,-122.4251725,29.479167938232425,1.100000023841858,-3.0,114.0999984741211,2024-07-05 20:37:50.778752,2.6000000089406967,8.259548187255866,False,True,4.0,1.0
1720237071.9785235,37.63019333333333,-122.424875,30.138891220092773,0.6299999952316284,-1.125,114.70000457763672,2024-07-05 20:37:51.978523,2.9700000435113907,8.962675094604492,False,True,4.0,1.0
1720237073.1784348,37.630319166666666,-122.4245725,30.759550094604492,0.2800000011920929,-1.625,115.20000457763672,2024-07-05 20:37:53.178434,3.2200000435113907,9.557292938232422,True,True,5.0,1.0
1720237074.3786664,37.630448666666666,-122.424266,30.959203720092773,-0.0499999970197677,-2.0,114.70000457763672,2024-07-05 20:37:54.378666,3.4700000435113902,9.774307250976562,True,True,6.0,1.0
1720237075.5785367,37.630585833333335,-122.423959,31.006946563720703,-0.3100000023841858,-3.0,110.5999984741211,2024-07-05 20:37:55.578536,3.6600000504404306,9.657119750976562,True,True,7.0,1.0
1720237076.7786963,37.630726,-122.4236485,31.054689407348633,-0.0999999940395355,-3.6875,106.8000030517578,2024-07-05 20:37:56.778696,3.8200000599026684,9.639757156372074,True,True,8.0,1.0
1720237077.9787798,37.6308685,-122.42333733333334,31.163196563720703,-0.0099999997764825,-3.6875,103.5999984741211,2024-07-05 20:37:57.978779,3.4300000574439764,9.709201812744144,True,True,9.0,1.0
1720237079.1788976,37.631006166666666,-122.42303016666666,31.10243225097656,-0.1700000017881393,-3.875,99.5999984741211,2024-07-05 20:37:59.178897,3.5300000570714474,3.5416679382324183,False,True,9.0,1.0
1720237080.378741,37.631155,-122.4227215,31.09809112548828,-0.2599999904632568,-4.1875,22.899999618530273,2024-07-05 20:38:00.378741,2.7400000505149364,3.1336803436279297,False,True,9.0,1.0
1720237081.5789304,37.631300333333336,-122.42241383333334,31.02864646911621,-0.5299999713897705,-4.5625,17.700000762939453,2024-07-05 20:38:01.578930,2.9800000302493572,2.638887405395508,False,True,9.0,1.0
1720237082.7789364,37.63145133333333,-122.42210833333333,30.967884063720703,0.0299999993294477,4.5625,13.199999809265137,2024-07-05 20:38:02.778936,2.789999971166253,1.4887161254882777,False,True,9.0,1.0
1720237083.9784508,37.631601333333336,-122.42180516666669,30.77691078186035,-0.0700000002980232,5.0625,19.80000114440918,2024-07-05 20:38:03.978450,2.4199999421834946,0.6380195617675781,False,True,9.0,1.0
1720237085.1786685,37.63175066666667,-122.42150283333334,30.742189407348633,-0.0999999940395355,4.4375,24.80000114440918,2024-07-05 20:38:05.178668,2.0999999418854713,-0.017360687255859375,False,True,9.0,1.0
1720237086.378708,37.631899,-122.42120133333331,30.66840362548828,-0.3199999928474426,3.75,29.399999618530273,2024-07-05 20:38:06.378707,1.989999942481518,-0.2908000946044922,False,True,9.0,1.0
1720237087.5792432,37.63204616666667,-122.42089933333334,30.625001907348633,-0.4199999868869781,3.1875,33.5,2024-07-05 20:38:07.579243,1.8299999311566353,-0.3819446563720703,False,True,9.0,1.0
1720237088.778621,37.632192333333336,-122.42059816666666,30.16493225097656,-0.25,3.25,37.5,2024-07-05 20:38:08.778620,1.7899999096989632,-0.8897571563720739,False,True,9.0,1.0
1720237089.9785092,37.632336,-122.42029783333334,29.674480438232425,-0.25,3.875,42.29999923706055,2024-07-05 20:38:09.978509,1.6999999154359102,-1.4887161254882777,False,True,9.0,1.0
1720237091.1786182,37.632475166666666,-122.41999816666667,28.971355438232425,-0.7099999785423279,4.25,47.20000076293945,2024-07-05 20:38:11.178618,1.9999998919665813,-2.1310768127441335,False,True,9.0,1.0
1720237092.3787184,37.63262133333333,-122.41969783333332,28.60243225097656,-0.3700000047683716,4.5,52.60000228881836,2024-07-05 20:38:12.378718,2.24999987706542,-2.4956588745117223,False,True,9.0,1.0
1720237093.578792,37.63276416666667,-122.4193985,28.08159828186035,0.0,3.0,56.79999923706055,2024-07-05 20:38:13.578792,2.349999900907278,-2.9470481872558594,False,True,9.0,1.0
1720237094.7786157,37.63289416666667,-122.41910166666666,28.085939407348633,0.5299999713897705,2.625,60.70000076293945,2024-07-05 20:38:14.778615,2.3199999015778303,-2.8819446563720703,False,True,9.0,1.0
1720237095.9785826,37.63302133333333,-122.41880866666666,28.39409828186035,0.2800000011920929,-3.375,36.29999923706055,2024-07-05 20:38:15.978582,2.469999872148037,-2.3828125,False,True,9.0,1.0
1720237097.1785932,37.63315016666667,-122.41851933333334,28.663196563720703,-0.0799999982118606,-4.625,32.0,2024-07-05 20:38:17.178593,2.7999998778104778,-2.0789928436279297,False,True,9.0,1.0
1720237098.3783028,37.633277166666666,-122.41823433333332,28.945314407348633,0.4799999892711639,-5.125,26.5,2024-07-05 20:38:18.378302,3.1399998664855953,-1.7230892181396484,False,True,9.0,1.0
1720237099.578643,37.63340066666667,-122.41795183333332,29.123266220092773,-0.1299999952316284,-5.625,20.100000381469727,2024-07-05 20:38:19.578643,3.649999856948852,-1.5017356872558594,False,True,9.0,1.0
1720237100.7785215,37.63352283333333,-122.41766833333334,29.123266220092773,-0.3499999940395355,-5.5625,13.699999809265137,2024-07-05 20:38:20.778521,3.699999868869781,-1.0416660308837855,False,True,9.0,1.0
1720237102.7786715,37.6341085,-122.415485,29.314237594604492,0.0999999940395355,-2.375,30.30000114440918,2024-07-05 20:38:22.778671,4.149999856948852,-0.36024284362793324,False,True,9.0,1.0
1720237103.9787004,37.634152,-122.41515366666668,29.240453720092773,-0.4399999976158142,5.125,17.899999618530273,2024-07-05 20:38:23.978700,4.2299998700618735,0.269098281860348,False,True,9.0,1.0
1720237105.1788683,37.63418383333333,-122.41482033333334,28.81076431274414,-0.7699999809265137,0.8125,20.700000762939453,2024-07-05 20:38:25.178868,4.219999879598617,0.20833206176758168,False,True,9.0,1.0
1720237106.378598,37.634202333333334,-122.4144915,28.45920181274414,-0.1799999922513961,-0.5,21.399999618530273,2024-07-05 20:38:26.378597,4.4399998635053635,0.37760353088378906,False,True,9.0,1.0
1720237107.578694,37.63420983333334,-122.4141625,27.565105438232425,-2.069999933242798,-1.75,19.5,2024-07-05 20:38:27.578694,5.799999833106995,-0.5208339691162074,False,True,9.0,1.0
1720237108.7786434,37.63420516666667,-122.41384066666669,25.976564407348633,-0.0999999940395355,-0.625,18.5,2024-07-05 20:38:28.778643,7.519999802112579,-2.4175338745117188,False,True,9.0,1.0
1720237109.9784722,37.63419016666667,-122.41353,25.28645896911621,0.1199999973177909,-1.0,17.30000114440918,2024-07-05 20:38:29.978472,7.379999794065951,-3.376737594604492,False,True,9.0,1.0
1720237111.1787295,37.63416433333333,-122.41322966666668,25.039064407348633,0.0,-0.875,16.200000762939453,2024-07-05 20:38:31.178729,6.939999803900719,-3.90625,False,True,9.0,1.0
1720237112.3785963,37.634133166666665,-122.41293966666667,24.991321563720703,-0.4199999868869781,-1.9375,14.300000190734863,2024-07-05 20:38:32.378596,6.7499998062849045,-4.13194465637207,False,True,9.0,1.0
1720237113.5784824,37.6340985,-122.4126545,24.89149475097656,-0.1599999964237213,3.125,49.70000076293945,2024-07-05 20:38:33.578482,6.789999797940254,-4.2317714691162145,False,True,9.0,1.0
1720237114.7786129,37.634064333333335,-122.41237166666669,24.85677146911621,-1.0299999713897705,3.4375,53.5,2024-07-05 20:38:34.778612,7.209999784827232,-4.457466125488281,False,True,9.0,1.0
1720237115.9786265,37.634028666666666,-122.4120895,25.05208396911621,0.1499999910593032,3.4375,57.400001525878906,2024-07-05 20:38:35.978626,7.849999755620956,-4.1883697509765625,False,True,9.0,1.0
1720237117.1789303,37.63399583333333,-122.41180833333334,24.93055725097656,0.3400000035762787,3.4375,60.400001525878906,2024-07-05 20:38:37.178930,7.709999784827232,-3.8802070617675817,False,True,9.0,1.0
1720237118.3785384,37.633964166666665,-122.4115265,24.835071563720703,-0.6599999666213989,3.375,63.70000076293945,2024-07-05 20:38:38.378538,8.119999766349792,-3.6241302490234375,False,True,9.0,1.0
1720237119.578689,37.633930666666664,-122.41124366666666,24.843751907348633,0.0099999997764825,3.4375,67.80000305175781,2024-07-05 20:38:39.578689,6.899999791756272,-2.7213535308837926,False,True,9.0,1.0
1720237120.778699,37.633898,-122.41096166666668,24.85677146911621,0.3700000047683716,3.625,72.5,2024-07-05 20:38:40.778698,5.289999857544899,-1.1197929382324219,False,True,9.0,1.0
1720237121.978369,37.633867,-122.41067883333334,25.030384063720703,0.4199999868869781,3.5625,77.0999984741211,2024-07-05 20:38:41.978368,5.119999848306179,-0.2560749053955078,False,True,9.0,1.0
1720237123.1784492,37.633841833333335,-122.41039416666666,25.34722328186035,0.2800000011920929,3.0625,80.9000015258789,2024-07-05 20:38:43.178449,5.139999836683273,0.30815887451171875,False,True,9.0,1.0
1720237124.3785236,37.633818166666664,-122.41010983333334,25.65972328186035,0.2999999821186065,2.625,84.20000457763672,2024-07-05 20:38:44.378523,4.739999830722809,0.6684017181396484,False,True,9.0,1.0
1720237125.5785542,37.633796333333336,-122.40982616666666,25.94618225097656,0.550000011920929,2.0,86.80000305175781,2024-07-05 20:38:45.578554,4.729999870061874,1.0546875,False,True,9.0,1.0
1720237126.7787051,37.6337825,-122.4095405,26.289064407348633,0.3899999856948852,1.375,88.5,2024-07-05 20:38:46.778705,4.019999921321869,1.4322929382324219,False,True,9.0,1.0
1720237127.978651,37.633774833333334,-122.40925216666666,26.822917938232425,0.5399999618530273,0.75,89.5,2024-07-05 20:38:47.978651,2.9899999350309376,1.7708339691162145,False,True,9.0,1.0
1720237129.1787174,37.633773,-122.408961,27.27430725097656,0.2800000011920929,0.125,89.5999984741211,2024-07-05 20:38:49.178717,3.0599998831748962,2.34375,False,True,9.0,1.0
1720237130.3786533,37.63378,-122.40866533333332,27.760417938232425,0.2800000011920929,-0.75,89.30000305175781,2024-07-05 20:38:50.378653,2.0599999129772186,2.9253463745117223,False,True,8.0,1.0
1720237131.578721,37.63379916666667,-122.4083675,28.164064407348633,0.3299999833106994,-0.625,88.9000015258789,2024-07-05 20:38:51.578721,1.4399999286979437,3.3203125,False,True,7.0,1.0
1720237132.7793064,37.633826,-122.408067,28.53732681274414,0.3999999761581421,-1.125,87.70000457763672,2024-07-05 20:38:52.779306,1.1499999165534973,3.6805553436279297,False,True,6.0,1.0
1720237134.7789853,37.634278333333334,-122.40591933333332,29.162328720092773,-0.0199999995529651,-2.8125,82.80000305175781,2024-07-05 20:38:54.778985,1.519999910145998,4.13194465637207,False,True,5.0,1.0
1720237135.978685,37.63438333333333,-122.40561283333334,29.318578720092773,0.1099999994039535,-5.25,77.0,2024-07-05 20:38:55.978684,1.5099999234080315,3.971355438232422,False,True,5.0,1.0
1720237137.178627,37.634494,-122.40530866666668,29.179689407348633,-0.0199999995529651,-5.0625,71.5,2024-07-05 20:38:57.178627,1.6199999414384363,3.5199661254882812,False,True,5.0,1.0
1720237138.3783383,37.634624,-122.40501883333332,28.350696563720703,-0.1899999976158142,-5.75,65.0999984741211,2024-07-05 20:38:58.378338,1.539999909698963,2.404514312744144,False,True,5.0,1.0
1720237139.578308,37.634781333333336,-122.4047485,27.322050094604492,-1.0199999809265137,-5.0,59.60000228881836,2024-07-05 20:38:59.578308,2.209999866783619,1.0329856872558594,False,True,5.0,1.0
1720237140.7787747,37.634955,-122.404508,26.27170181274414,-0.6599999666213989,-3.625,56.20000076293945,2024-07-05 20:39:00.778774,2.4199999049305916,-0.5512161254882848,False,True,5.0,1.0
1720237141.9787242,37.63514083333333,-122.40429516666669,25.368925094604492,-0.8899999856948853,-2.5625,53.900001525878906,2024-07-05 20:39:01.978724,2.3899999633431435,-1.9053821563720668,False,True,5.0,1.0
1720237143.1788125,37.63533366666667,-122.4041125,24.59201431274414,-0.5,-1.625,52.79999923706055,2024-07-05 20:39:03.178812,2.7799999490380287,-3.168403625488285,False,True,5.0,1.0
1720237144.37843,37.63553,-122.403964,24.02777862548828,-0.4099999964237213,0.6875,53.79999923706055,2024-07-05 20:39:04.378429,2.819999970495701,-4.136285781860352,False,True,5.0,1.0
1720237145.5787385,37.6357365,-122.403848,23.62413215637207,-0.0700000002980232,1.25,55.70000076293945,2024-07-05 20:39:05.578738,3.0899999737739563,-4.91319465637207,False,True,5.0,1.0
1720237146.778291,37.635947,-122.40375983333334,23.88888931274414,0.6100000143051147,1.5,57.79999923706055,2024-07-05 20:39:06.778290,3.350000012665987,-5.273439407348633,False,True,4.0,1.0
1720237147.978798,37.63615733333334,-122.4036995,24.29253578186035,-0.1799999922513961,1.375,60.5,2024-07-05 20:39:07.978797,4.010000020265579,-5.026042938232422,False,True,3.0,1.0
1720237149.1785014,37.636366833333334,-122.40367166666668,24.322917938232425,0.7400000095367432,2.125,63.900001525878906,2024-07-05 20:39:09.178501,4.8000000230968,-4.856771469116207,False,True,2.0,1.0
1720237150.378853,37.63658216666666,-122.40366616666668,24.61805725097656,-0.4699999988079071,1.9375,67.20000457763672,2024-07-05 20:39:10.378853,5.840000033378601,-3.732639312744144,False,True,1.0,1.0
1720237151.5783396,37.63680016666667,-122.40368516666666,24.85243225097656,0.6699999570846558,1.125,69.0,2024-07-05 20:39:11.578339,6.1500000059604645,-2.4696178436279332,False,False,0.0,1.0
1720237732.779173,37.77002,-122.40533133333334,18.88888931274414,-2.40999984741211,1.625,40.20000076293945,2024-07-05 20:48:52.779172,5.149999737739563,-6.9921875,True,True,1.0,2.0
1720237733.978901,37.77021216666667,-122.40538716666669,17.82552146911621,-0.2699999809265136,2.875,43.29999923706055,2024-07-05 20:48:53.978900,6.809999614953995,-7.46961784362793,True,True,2.0,2.0
1720237735.178795,37.7704015,-122.40545783333332,17.604167938232422,-0.5399999618530273,1.5625,13.300000190734863,2024-07-05 20:48:55.178795,6.5999996066093445,-7.02256965637207,True,True,3.0,2.0
1720237736.378611,37.770587,-122.4055405,17.743057250976562,0.3899999856948852,1.8125,15.699999809265137,2024-07-05 20:48:56.378611,7.369999557733536,-6.14149284362793,True,True,4.0,2.0
1720237737.5791085,37.7707455,-122.405627,18.454862594604492,0.1099999994039535,2.6875,18.600000381469727,2024-07-05 20:48:57.579108,7.319999560713768,-4.552951812744141,False,True,4.0,2.0
1720237738.7784686,37.77088616666666,-122.405724,19.140625,0.209999993443489,2.4375,54.79999923706055,2024-07-05 20:48:58.778468,6.699999585747719,-3.1510429382324254,False,True,4.0,2.0
1720237739.9787345,37.77102716666667,-122.40582416666666,19.89149475097656,0.25,3.1875,61.29999923706055,2024-07-05 20:48:59.978734,6.719999611377716,-1.9618053436279332,False,True,4.0,2.0
1720237741.178686,37.77116933333333,-122.40592733333334,20.73784828186035,0.0,3.0,66.9000015258789,2024-07-05 20:49:01.178685,6.559999629855156,-0.8420143127441406,False,True,4.0,2.0
1720237742.3785515,37.7713135,-122.4060325,21.51475715637207,-0.0799999982118606,2.3125,71.0999984741211,2024-07-05 20:49:02.378551,5.899999663233757,-0.021701812744140625,False,True,4.0,2.0
1720237743.5788295,37.7714635,-122.4061345,22.39583396911621,0.8100000023841858,1.625,74.4000015258789,2024-07-05 20:49:03.578829,6.559999644756317,1.2760410308837855,False,True,4.0,2.0
1720237744.7786822,37.77161983333333,-122.40622933333331,23.25086975097656,0.7099999785423279,0.5,76.0999984741211,2024-07-05 20:49:04.778682,5.079999804496765,4.361980438232418,False,True,4.0,2.0
1720237745.9785192,37.7717855,-122.40631783333332,23.15538215637207,-0.8299999833106995,0.6875,78.0999984741211,2024-07-05 20:49:05.978519,4.479999899864196,5.329860687255859,False,True,4.0,2.0
1720237747.253023,37.773157833333336,-122.4065785,22.96441078186035,0.0399999991059303,1.125,80.70000457763672,2024-07-05 20:49:07.253022,5.079999901354312,5.36024284362793,False,True,4.0,2.0
1720237749.1786344,37.773359666666664,-122.40654966666666,23.259550094604492,0.1400000005960464,0.875,83.9000015258789,2024-07-05 20:49:09.178634,4.2499999552965155,5.51649284362793,False,True,4.0,2.0
1720237750.3792367,37.77355883333333,-122.4065035,23.750001907348633,1.1799999475479126,0.9375,85.5,2024-07-05 20:49:10.379236,5.00999991595745,5.295139312744141,False,True,4.0,2.0
1720237751.5787227,37.773760833333334,-122.40644116666668,24.30989646911621,-0.25,0.0,86.4000015258789,2024-07-05 20:49:11.578722,6.339999869465827,5.169271469116211,False,True,4.0,2.0
1720237752.7789104,37.773963,-122.40636116666668,24.85243225097656,0.2699999809265136,-0.125,86.9000015258789,2024-07-05 20:49:12.778910,6.81999984383583,4.9609375,False,True,4.0,2.0
1720237753.9786675,37.774168333333336,-122.4062635,24.796009063720703,-0.0499999970197677,-0.125,87.30000305175781,2024-07-05 20:49:13.978667,6.889999821782111,4.058160781860352,False,True,4.0,2.0
1720237755.1785398,37.774375666666664,-122.40615333333334,24.85677146911621,-0.1700000017881393,0.125,88.0,2024-07-05 20:49:15.178539,6.929999828338622,3.3420143127441406,False,True,4.0,2.0
1720237756.3786132,37.77458033333333,-122.40603683333332,25.017362594604492,0.4399999976158142,0.0,88.5999984741211,2024-07-05 20:49:16.378613,6.649999827146529,2.6215286254882812,False,True,4.0,2.0
1720237757.5784402,37.774779833333334,-122.40590666666668,25.186634063720703,1.319999933242798,-0.125,88.9000015258789,2024-07-05 20:49:17.578440,7.429999738931655,1.9357643127441442,False,True,4.0,2.0
1720237758.778371,37.77497316666667,-122.40576166666666,25.407987594604492,1.0499999523162842,0.1875,90.0999984741211,2024-07-05 20:49:18.778371,6.159999758005141,2.252605438232422,False,True,4.0,2.0
1720237759.9792962,37.77516466666667,-122.40560966666666,25.60763931274414,1.1200000047683716,-0.1875,90.0,2024-07-05 20:49:19.979296,5.359999828040599,2.643228530883789,False,True,4.0,2.0
1720237761.178844,37.775353333333335,-122.40544583333332,25.625001907348633,-0.7599999904632568,-0.6875,89.0,2024-07-05 20:49:21.178843,7.139999821782112,2.3654518127441406,False,True,4.0,2.0
1720237762.3782232,37.77553433333333,-122.40526983333334,25.273439407348633,-0.209999993443489,-0.25,89.0,2024-07-05 20:49:22.378223,6.649999871850014,1.5234375,False,True,4.0,2.0
1720237763.5791483,37.775706,-122.405081,24.822050094604492,-0.7599999904632568,0.5,89.9000015258789,2024-07-05 20:49:23.579148,5.769999921321869,0.5121536254882812,False,True,4.0,2.0
1720237764.7787838,37.775875,-122.40488483333333,24.431425094604492,-0.2599999904632568,1.25,91.5999984741211,2024-07-05 20:49:24.778783,5.749999940395355,-0.42100715637206676,False,True,4.0,2.0
1720237765.978408,37.77604016666667,-122.40467983333332,24.23177146911621,0.0,1.625,93.5999984741211,2024-07-05 20:49:25.978408,5.689999952912331,-0.5642375946044922,False,True,4.0,2.0
1720237767.178697,37.77619983333334,-122.40446933333334,24.59201431274414,-0.2399999946355819,1.5625,96.3000030517578,2024-07-05 20:49:27.178697,5.809999942779541,-0.2647571563720703,False,True,4.0,2.0
1720237768.3790843,37.776347333333334,-122.40425433333333,24.81770896911621,-0.25,1.25,98.70000457763672,2024-07-05 20:49:28.379084,5.2099999487400055,-0.19965362548828125,False,True,4.0,2.0
1720237769.5782993,37.77648533333333,-122.40403466666666,25.11284828186035,0.1599999964237213,-1.9375,20.600000381469727,2024-07-05 20:49:29.578299,4.740000009536743,-0.07378578186035156,False,True,4.0,2.0
1720237770.778672,37.7766155,-122.40381066666669,25.28645896911621,-0.5299999713897705,-1.25,19.0,2024-07-05 20:49:30.778671,5.159999996423721,-0.12152862548828125,False,True,4.0,2.0
1720237771.978418,37.77674183333333,-122.40357916666666,25.533855438232425,0.0099999997764825,-0.125,17.200000762939453,2024-07-05 20:49:31.978418,5.629999915137887,-0.0737838745117152,False,True,4.0,2.0
1720237773.1785972,37.77686583333333,-122.403343,25.898439407348633,0.3700000047683716,1.75,109.20000457763672,2024-07-05 20:49:33.178597,4.109999924898147,0.2734375,False,True,4.0,2.0
1720237774.378712,37.776992166666666,-122.40310566666666,26.132814407348633,0.4899999797344208,2.1875,11.5,2024-07-05 20:49:34.378711,3.679999902844428,0.859375,False,True,4.0,2.0
1720237775.578558,37.77712066666667,-122.40286633333334,25.80295181274414,-0.2800000011920929,2.5625,14.600000381469728,2024-07-05 20:49:35.578557,3.899999886751174,0.9809017181396484,False,True,4.0,2.0
1720237776.7791176,37.77724833333333,-122.402624,25.390626907348633,-0.1899999976158142,3.5625,18.5,2024-07-05 20:49:36.779117,3.4899998903274527,0.9592018127441406,False,True,4.0,2.0
1720237777.978802,37.777376333333336,-122.40237833333332,25.104167938232425,-0.6200000047683716,3.3125,22.80000114440918,2024-07-05 20:49:37.978801,3.6599999070167533,0.8723964691162145,False,True,4.0,2.0
1720237779.256954,37.778321166666665,-122.40070883333334,24.609376907348633,-0.0499999970197677,3.8125,27.399999618530273,2024-07-05 20:49:39.256953,3.9899999201297756,0.017362594604492188,False,True,4.0,2.0
1720237781.178721,37.778467166666665,-122.4004985,24.36631965637207,0.3700000047683716,2.625,33.0,2024-07-05 20:49:41.178720,4.399999916553496,-0.4513893127441406,False,True,4.0,2.0
1720237782.3787875,37.778622166666665,-122.4002965,24.218751907348633,-1.2200000286102295,2.625,36.20000076293945,2024-07-05 20:49:42.378787,5.579999953508376,-0.8940963745117188,False,True,4.0,2.0
1720237783.5785837,37.778785,-122.40010216666668,23.87152862548828,-0.4599999785423279,3.5625,40.400001525878906,2024-07-05 20:49:43.578583,5.650000035762786,-1.4149303436279297,False,True,4.0,2.0
1720237784.778831,37.778949833333336,-122.39991783333332,23.48958396911621,-0.0999999940395355,3.375,44.5,2024-07-05 20:49:44.778831,5.470000049099325,-2.0442714691162145,False,True,4.0,2.0
1720237785.978826,37.77911266666667,-122.39973566666669,23.71961975097656,0.4099999964237213,2.625,48.0,2024-07-05 20:49:45.978826,5.620000034570693,-2.178819656372074,False,True,4.0,2.0
1720237787.1784947,37.77927316666667,-122.3995565,23.99739646911621,-0.1700000017881393,2.0625,50.5,2024-07-05 20:49:47.178494,6.0800000578165045,-2.135417938232422,False,True,4.0,2.0
1720237788.37885,37.7794325,-122.399372,24.24045181274414,0.209999993443489,1.4375,52.400001525878906,2024-07-05 20:49:48.378849,5.690000072121619,-1.5625,False,True,4.0,2.0
1720237789.57859,37.77958983333333,-122.39918366666669,24.557292938232425,0.8700000047683716,1.3125,54.29999923706055,2024-07-05 20:49:49.578589,6.260000079870223,-0.8333339691162074,False,True,4.0,2.0
1720237790.7786012,37.779749,-122.398992,24.65277862548828,-0.5,1.5,56.29999923706055,2024-07-05 20:49:50.778601,7.200000077486037,-0.4513893127441442,False,True,4.0,2.0
1720237791.9787965,37.779910666666666,-122.3988,24.557292938232425,-0.2299999892711639,1.875,58.5,2024-07-05 20:49:51.978796,6.90000008046627,-0.052083969116207385,False,True,4.0,2.0
1720237793.178445,37.780076333333334,-122.398608,24.440105438232425,0.5399999618530273,1.5625,60.60000228881836,2024-07-05 20:49:53.178445,7.2500000298023215,0.07378578186035512,False,True,4.0,2.0
1720237794.3785868,37.780242666666666,-122.39841466666668,24.561634063720703,0.1499999910593032,0.6875,61.60000228881836,2024-07-05 20:49:54.378586,6.0499999672174445,0.3428821563720703,False,True,4.0,2.0
1720237795.5786169,37.78040883333333,-122.39822316666668,24.89583396911621,0.1199999973177909,0.1875,62.29999923706055,2024-07-05 20:49:55.578616,5.319999910891055,1.0243053436279297,False,True,4.0,2.0
1720237796.7783666,37.7805725,-122.39803316666666,25.264759063720703,0.4599999785423279,-0.625,61.79999923706055,2024-07-05 20:49:56.778366,5.299999907612801,1.7751750946044922,False,True,4.0,2.0
1720237797.9786096,37.78073766666667,-122.397842,25.381946563720703,0.0099999997764825,-1.25,60.29999923706055,2024-07-05 20:49:57.978609,5.239999895915389,1.6623268127441442,False,True,4.0,2.0
1720237799.1783946,37.78090383333333,-122.39765066666666,24.96527862548828,-0.2399999946355819,-1.375,58.29999923706055,2024-07-05 20:49:59.178394,4.909999892115592,0.9678821563720703,False,True,4.0,2.0
1720237800.378514,37.781072333333334,-122.39745666666668,24.40972328186035,-0.3599999845027923,-1.9375,55.70000076293945,2024-07-05 20:50:00.378514,4.649999886751174,0.16927146911621094,False,True,4.0,2.0
1720237801.578688,37.781243,-122.39726066666668,23.78472328186035,-0.3400000035762787,-1.875,53.20000076293945,2024-07-05 20:50:01.578687,4.009999856352805,-0.7725696563720739,False,True,4.0,2.0
1720237802.7784474,37.78141333333333,-122.397064,23.48524475097656,-0.3400000035762787,-1.375,51.5,2024-07-05 20:50:02.778447,2.639999851584434,-1.1675338745117223,False,True,4.0,2.0
1720237803.9785645,37.7815835,-122.39686866666666,23.12066078186035,-0.3599999845027923,-1.5625,49.400001525878906,2024-07-05 20:50:03.978564,2.3899998217821112,-1.4366321563720739,False,True,4.0,2.0
1720237805.1786475,37.78175016666667,-122.39667633333332,22.369792938232425,-0.5999999642372131,-1.75,46.60000228881836,2024-07-05 20:50:05.178647,1.8599998503923407,-2.0703125,False,True,4.0,2.0
1720237806.3784297,37.78191283333334,-122.396487,21.41927146911621,-0.7299999594688416,-1.75,43.900001525878906,2024-07-05 20:50:06.378429,1.599999874830245,-3.142362594604492,False,True,3.0,2.0
1720237807.578755,37.7820705,-122.3962995,20.54253578186035,-0.5,-1.75,41.400001525878906,2024-07-05 20:50:07.578754,1.7999998405575743,-4.353298187255859,False,True,2.0,2.0
1720237808.7785566,37.78222616666667,-122.39611716666668,19.704862594604492,-0.7599999904632568,-2.125,38.900001525878906,2024-07-05 20:50:08.778556,1.7199998497962943,-5.559896469116211,False,True,1.0,2.0
1720237809.978443,37.78238133333333,-122.39593633333334,18.90625,-0.75,-1.625,36.900001525878906,2024-07-05 20:50:09.978442,1.2799998614937058,-6.475696563720703,False,False,0.0,2.0
